id;cust_no;cust_contact_id;cust_contact_last_name;cust_contact_first_name
1;Unbranded Fresh Pants Tools California;North Dakota Garden;Towels Specialist;Utah Computers Small Fresh Gloves
2;Brunei Darussalam interface;compress lavender Investment Account;backing up;Iran
3;Philippine Peso Metal;Strategist;card Licensed Cotton Ball;mindshare Gorgeous
4;Chips;navigating;Som Rustic Frozen Keyboard ROI;Benin
5;Tuna Response invoice;alarm Jamaica;system Gorgeous Rubber Pants;hack
6;leading-edge;Ergonomic Steel Gloves;Developer Shoes Music;Buckinghamshire Hollow Shoes
7;withdrawal Generic Frozen Tuna;Gorgeous Cotton Chair Personal Loan Account Borders;Norfolk Island Chilean Peso Unidades de fomento Checking Account;invoice Outdoors New York
8;multi-byte Jamaican Dollar North Carolina;Station;parsing Investment Account;Branding Dynamic black
9;yellow;Books Generic;robust withdrawal generate;Garden open-source hybrid
10;Solomon Islands Dollar;Personal Loan Account HTTP;schemas Specialist China;quantify multi-byte
